【整租】美滋梦 后湖 塔子湖店,后湖,2400-3200,http://legoclick.58.com/cpaclick?target=pZwY0jCfsLICsWN3shPfUiqkpyOkmy-MUvOMXgNfn1EknW01nH0znjmkrjw3sMPCIAd_TyEVuH0OPymOmWbVP1R6PBYYnjPWsH66uhEVmycQuWmdmWbznWR-THEYPW0Ynj93njE1nW9vTED1PjTzP1nQP1ckPWT3PTDdnjTknjTKPHTknjTkTH0knHnYTHDdrTDQPHcLn1EYn10QrHndTHDKwbnV0AnVUA-1IAQ-uMEKnEDQTEDVnEDKnWE1PWDQrj0LPWNOPW9kTHTKnHDznW9lnWTkn7t1njTkTHDKPhNvuH91uyDVP1DdmBYYnyEOsHbYmWcVPWIbrywWuAN3PHDYTHcYn1mQnWTLn19kn19knTDzPjnvnHckP1nLrjN1PHcKTHEzrjcKnHN3THD8nTDKsEDKTy6YIZTlszqLpa3draOWUvYf0A-80A7Guvq8uL-dsLK8s1Df5vdGUMKzpyP-5HcknjKxn1TknTDKnHDLsWDdnB3vPz31P9DkTyOdUAkKnEDYnW9zTgVqTHDknjTvTHIBm1mvnjwbn1TQuHD1rjN
【整租】魔方公寓（武汉） 徐东 东湖店,徐东,2000-3000,http://legoclick.58.com/cpaclick?target=pZwY0jCfsLICsWN3shPfUiqkpyOkmy-MUvOMXgNfn1n1PHNQrjTLP1TYP1u3sMPCIAd_TyEVuH0OPymOmWbVP1R6PBYYnjPWsH66uhEVmycQuWmdmWbznWR-THEYPW0Ynj9OPWEQPjbYTED1n1ndPHD3nj0LnjELP9DdnjTknjTKPHTknjTkTH0knHnYTHDdrTDQPHcLn1EYn10QrHndTHcKwbnV0AnVUA-1IAQ-uMEKnEDQTEDVnEDKnWE1PjNznj0vPWTvPj0zTHTKnHDznW9lnWTkn7t1njTkTHDKPj91mHDLPj0VmhczriYYnWmksH9LnHcVmWmYPADvnycduWDzTHcYn10QrjbQnWcQnHb3PTDzPjnLnH9OnHcQrHmvnWEKTHEzrjcKnHN3THD8nTDKsEDKTy6YIZTlszqLpa3draOWUvYf0A-80A7Guvq8uL-dsLK8s1Df5vdGUMKzpyP-5HcknjKxn1TknTDKnHDLsWDdnB3vPz31P9DkTyOdUAkKnEDYnW9zTgVqTHDknjTvTH-bnvnvPWbOnhm3PH66uAc
【整租】魔方公寓（武汉） 中南路 武昌火车站店,中南路,2240-2580,http://legoclick.58.com/cpaclick?target=pZwY0jCfsLICsWN3shPfUiqkpyOkmy-MUvOMXgNfn1EkPjTvPWEznWEkPHu3sMPCIAd_TyEVuH0OPymOmWbVP1R6PBYYnjPWsH66uhEVmycQuWmdmWbznWR-THEYPW0Ynj9OPWEQPjbYTED1PjTYnjmvPjczPjTdP9DdnjTknjTKPHTknjTkTH0knHnYTHDdrTDQPHcLn1EYn10QrHndTHnKwbnV0AnVUA-1IAQ-uMEKnEDQTEDVnEDKnWE1PjNznj0vPWTvPj0zTHTKnHDznW9lnWTkn7t1njTkTHDKPyN1PWuWmH9VmHcYmiYYrjcLsycQmymVPAFWm176nWRhuhm1THcYn10Qrj9dnjckn1mvPTDzPjnLnH93PHTQrjb1nWTKTHEzrjcKnHN3THD8nTDKsEDKTy6YIZTlszqLpa3draOWUvYf0A-80A7Guvq8uL-dsLK8s1Df5vdGUMKzpyP-5HcknjKxn1TknTDKnHDLsWDdnB3vPz31P9DkTyOdUAkKnEDYnW9zTgVqTHDknjTvTHw-nW01rjm3nhn3mhnzmHD
【整租】美滋梦 后湖 塔子湖店,后湖,2500-2700,http://legoclick.58.com/cpaclick?target=pZwY0jCfsLICsWN3shPfUiqkpyOkmy-MUvOMXgNfn1D1P1EQPj9dPjm1PWI3sMPCIAd_TyEVuH0OPymOmWbVP1R6PBYYnjPWsH66uhEVmycQuWmdmWbznWR-THEYPW0Ynj93njE1nW9vTED1nHnLPjDYrjNYPWnvPkDdnjTknjTKPHTknjTkTH0knHnYTHDdrTDQPHcLn1EYn10QrHndTHEKwbnV0AnVUA-1IAQ-uMEKnEDQTEDVnEDKnWE1PWDQrj0LPWNOPW9kTHTKnHDznW9lnWTkn7t1njTkTHDKryNLrj-hmHNVnWb3nzYYryFBsyc1Pj9VPH0YnAmLrARbnHDdTHcYn1mQnWDzPHN3njnznTDzPjnvnHcQnWNdPWc3rj9KTHEzrjcKnHN3THD8nTDKsEDKTy6YIZTlszqLpa3draOWUvYf0A-80A7Guvq8uL-dsLK8s1Df5vdGUMKzpyP-5HcknjKxn1TknTDKnHDLsWDdnB3vPz31P9DkTyOdUAkKnEDYnW9zTgVqTHDknjTvTHcOPjc1PHEvuhFbuhRhnHN
【整租】美滋梦 后湖 塔子湖店,后湖,2500-2700,http://legoclick.58.com/cpaclick?target=pZwY0jCfsLICsWN3shPfUiqkpyOkmy-MUvOMXgNfn1EknW01nWc3PHcvPHK3sMPCIAd_TyEVuH0OPymOmWbVP1R6PBYYnjPWsH66uhEVmycQuWmdmWbznWR-THEYPW0Ynj93njE1nW9vTED1PjTzP1nznW9dnWmdnTDdnjTknjTKPHTknjTkTH0knHnYTHDdrTDQPHcLn1EYn10QrHndTHNKwbnV0AnVUA-1IAQ-uMEKnEDQTEDVnEDKnWE1PWDQrj0LPWNOPW9kTHTKnHDznW9lnWTkn7t1njTkTHDKrjTYuhN1nHNVP1nOniYYuAn1syFhnj0VPH7BPymYPj03nAmdTHcYn1mQnWDQrjbznjcknTDzPjnvnHcQnH9OnjDLPW9KTHEzrjcKnHN3THD8nTDKsEDKTy6YIZTlszqLpa3draOWUvYf0A-80A7Guvq8uL-dsLK8s1Df5vdGUMKzpyP-5HcknjKxn1TknTDKnHDLsWDdnB3vPz31P9DkTyOdUAkKnEDYnW9zTgVqTHDknjTvTy76P1bznH0znjmLP1TLm10
【整租】美滋梦 光谷 创业街店,光谷,3000-3800,http://legoclick.58.com/cpaclick?target=pZwY0jCfsLICsWN3shPfUiqkpyOkmy-MUvOMXgNfn1EknW01nHDvPH93nWF3sMPCIAd_TyEVuH0OPymOmWbVP1R6PBYYnjPWsH66uhEVmycQuWmdmWbznWR-THEYPW0Ynj93njE1nW9vTED1PjTzP1nQnHmdrj9zn9DdnjTknjTKPHTknjTkTH0knHnYTHDdrTDQPHcLn1EYn10QrHndTHmKwbnV0AnVUA-1IAQ-uMEKnEDQTEDVnEDKnWE1PWDQrj0LPWNOPW9kTHTKnHDznW9lnWTkn7t1njTkTHDKryEdn1bLmWNVnWELniYYP1u-sH66mvmVPWN3rH--PWw6uHwhTHcYn1mQnWTzrHm3rH93rTDzPjnvnHcknWbvP1Ndn1mKTHEzrjcKnHN3THD8nTDKsEDKTy6YIZTlszqLpa3draOWUvYf0A-80A7Guvq8uL-dsLK8s1Df5vdGUMKzpyP-5HcknjKxn1TknTDKnHDLsWDdnB3vPz31P9DkTyOdUAkKnEDYnW9zTgVqTHDknjTvTycdPH03nyNkPW01rjIBmyc
【整租】美滋梦 竹叶山花桥 红桥新城,竹叶山花桥,2200-2400,http://legoclick.58.com/cpaclick?target=pZwY0jCfsLICsWN3shPfUiqkpyOkmy-MUvOMXgNfn1D1njbdnjNLP1TLnjw3sMPCIAd_TyEVuH0OPymOmWbVP1R6PBYYnjPWsH66uhEVmycQuWmdmWbznWR-THEYPW0Ynj93njE1nW9vTED1nHnkrHNkPH0Lnj0kPTDdnjTknjTKn1DKP1TQn1EKnHN3THDdnW01PjE1P1DOn1NKPk7AEzdkmzd_pgPYUARhITDQTHDKTiYQTEDzPjnvnHD3P10vPHbvrjTKnTDQnHczrjCznjTkg1nknjTKnE7brHuhmh7-uBY1nAcYsHwhn1DVrHRhriYOuWTLPvNvuWDOnWNKnWE1PWDznjDLPHnzrHEYTHcYn1mQnWTQP1NQP1N3PTDKPjc3n9DQPH9Kni3kTEDVTEDKpZwY0jCfsLICsWN3shPfUiqkpyOkmy-MUvOMXgNf0A3fnit4Uy-80ZFGmvNqnWTkn7t1njTkTEDQnH08nHNzsWmLsWnvTHTKUMR_UTDQTHEzrjcKXLYKnHTknjmKm1EzujEYPWmQPjPBuW9duT
【整租】后湖 余华岭佳园 3室1厅,余华岭佳园,2200,http://wh.58.com/pinpaigongyu/34060930493118x.shtml?psid=166354050200192081516656421
【整租】街道口 鸿泽苑 2室1厅,鸿泽苑,2100,http://wh.58.com/pinpaigongyu/32511156520237x.shtml?psid=166354050200192081516656421
【整租】后湖 塔子湖锦绣家园 3室1厅,塔子湖锦绣家园,2700,http://wh.58.com/pinpaigongyu/31947619943082x.shtml?psid=166354050200192081516656421
【整租】前进/江汉 宝利金中央荣御 1室1厅,宝利金中央荣御,2000,http://wh.58.com/pinpaigongyu/33883253756481x.shtml?psid=166354050200192081516656421
【整租】洪山周边 花样年幸福万象 1室1厅,花样年幸福万象,2500,http://wh.58.com/pinpaigongyu/32446559425199x.shtml?psid=166354050200192081516656421
【整租】后湖 塔子湖锦绣家园幽 3室2厅,塔子湖锦绣家园幽,2500,http://wh.58.com/pinpaigongyu/34139221649598x.shtml?psid=166354050200192081516656421
【整租】街道口 鸿桂苑北区 2室1厅,鸿桂苑北区,2300,http://wh.58.com/pinpaigongyu/34095894143823x.shtml?psid=166354050200192081516656421
【整租】徐东 杨园街二桥社区 2室1厅,杨园街二桥社区,2300,http://wh.58.com/pinpaigongyu/34206396536001x.shtml?psid=166354050200192081516656421
【整租】金色港湾 金色港湾 2室1厅,金色港湾,2800,http://wh.58.com/pinpaigongyu/34115363244091x.shtml?psid=166354050200192081516656421
【整租】中南路 中南SOHO城 1室1厅,中南SOHO城,2400,http://wh.58.com/pinpaigongyu/33401979444793x.shtml?psid=166354050200192081516656421
【整租】光谷 乐家小屋长租公寓 1室0厅,【整租】光谷,2050,http://wh.58.com/pinpaigongyu/31121146764482x.shtml?psid=166354050200192081516656421
【整租】珞狮南路 青年联盟服务式公 1室0厅,青年联盟服务式公,2100,http://wh.58.com/pinpaigongyu/34205735412268x.shtml?psid=166354050200192081516656421
【整租】后湖 余华岭佳园 2室2厅,余华岭佳园,2200,http://wh.58.com/pinpaigongyu/33397984743998x.shtml?psid=166354050200192081516656421
【整租】东湖高新 万科城市花园上西 2室1厅,万科城市花园上西,2600,http://wh.58.com/pinpaigongyu/33380951139118x.shtml?psid=181549926200192081555972374
【整租】百步亭 锦湖金利花园 2室2厅,锦湖金利花园,2000,http://wh.58.com/pinpaigongyu/33210185106491x.shtml?psid=181549926200192081555972374
【整租】珞狮南路 鸿城家园 2室1厅,鸿城家园,2100,http://wh.58.com/pinpaigongyu/32810149977546x.shtml?psid=181549926200192081555972374
【合租】水果湖 水果湖红军村 4室主卧,水果湖红军村,2000,http://wh.58.com/pinpaigongyu/34007927643727x.shtml?psid=181549926200192081555972374
【整租】珞狮南路 鸿泽苑 2室1厅,鸿泽苑,2000,http://wh.58.com/pinpaigongyu/33874562571319x.shtml?psid=181549926200192081555972374
【整租】前进/江汉 世纪江尚 1室0厅,世纪江尚,2000,http://wh.58.com/pinpaigongyu/31927921560501x.shtml?psid=181549926200192081555972374
【整租】后湖 石桥花园一期 2室1厅,石桥花园一期,2600,http://wh.58.com/pinpaigongyu/34006784681674x.shtml?psid=181549926200192081555972374
【整租】丁字桥 向阳佳苑A区 2室2厅,向阳佳苑A区,2900,http://wh.58.com/pinpaigongyu/34006631412420x.shtml?psid=181549926200192081555972374
【整租】洪山周边 花样年幸福万象 1室1厅,花样年幸福万象,2500,http://wh.58.com/pinpaigongyu/33641965578954x.shtml?psid=181549926200192081555972374
【整租】光谷 成园小区 3室1厅,成园小区,2800,http://wh.58.com/pinpaigongyu/34182165364422x.shtml?psid=181549926200192081555972374
【整租】后湖 塔子湖锦绣家园幽 3室2厅,塔子湖锦绣家园幽,2500,http://wh.58.com/pinpaigongyu/33832418299820x.shtml?psid=181549926200192081555972374
【整租】徐东 盛世徐东 3室1厅,盛世徐东,3000,http://wh.58.com/pinpaigongyu/34206653227469x.shtml?psid=181549926200192081555972374
【整租】街道口 鸿桂苑东区 2室1厅,鸿桂苑东区,2300,http://wh.58.com/pinpaigongyu/34026810716981x.shtml?psid=181549926200192081555972374
【整租】金色港湾 金色港湾 2室1厅,金色港湾,2800,http://wh.58.com/pinpaigongyu/34161184533583x.shtml?psid=181549926200192081555972374
【合租】后湖 中城青年汇 2室主卧,中城青年汇,2200,http://wh.58.com/pinpaigongyu/33508304654393x.shtml?psid=181549926200192081555972374
【整租】东湖高新 乐家小屋长租公寓 1室0厅,【整租】东湖高新,2050,http://wh.58.com/pinpaigongyu/31121083693126x.shtml?psid=181549926200192081555972374
【整租】中南路 中南SOGO城 1室1厅,中南SOGO城,2200,http://wh.58.com/pinpaigongyu/33401941862716x.shtml?psid=181549926200192081555972374
【整租】东湖高新 谷尚居 2室1厅,谷尚居,2550,http://wh.58.com/pinpaigongyu/33381109668652x.shtml?psid=181549926200192081555972374
【整租】杨汊湖 城开汉口秀园 3室2厅,城开汉口秀园,2000,http://wh.58.com/pinpaigongyu/34194769489326x.shtml?psid=181549926200192081555972374
【整租】街道口 鸿桂苑东区 2室1厅,鸿桂苑东区,2100,http://wh.58.com/pinpaigongyu/33772720150473x.shtml?psid=181549926200192081555972374
【整租】二七路 航天双城 2室1厅,航天双城,3000,http://wh.58.com/pinpaigongyu/34059929000750x.shtml?psid=125380055200192081580199700
【整租】丁字桥 向阳佳苑A区 2室2厅,向阳佳苑A区,3000,http://wh.58.com/pinpaigongyu/33882186746925x.shtml?psid=125380055200192081580199700
【整租】后湖 塔子湖锦绣家园幽 3室2厅,塔子湖锦绣家园幽,2500,http://wh.58.com/pinpaigongyu/33949557632303x.shtml?psid=125380055200192081580199700
【整租】和平大道 怡江苑 1室1厅,怡江苑,2500,http://wh.58.com/pinpaigongyu/32292999829840x.shtml?psid=125380055200192081580199700
【整租】光谷 八一花园玫瑰苑 2室1厅,八一花园玫瑰苑,2400,http://wh.58.com/pinpaigongyu/33905719511371x.shtml?psid=125380055200192081580199700
【整租】丁字桥 中南国际城 1室1厅,中南国际城,2399,http://wh.58.com/pinpaigongyu/33623506641839x.shtml?psid=125380055200192081580199700
【整租】金色港湾 金色港湾 1室1厅,金色港湾,2000,http://wh.58.com/pinpaigongyu/34161169564109x.shtml?psid=125380055200192081580199700
【整租】珞狮南路 鸿桂苑西区 2室1厅,鸿桂苑西区,2400,http://wh.58.com/pinpaigongyu/34037934114756x.shtml?psid=125380055200192081580199700
【整租】光谷 乐家小屋长租公寓 1室1厅,【整租】光谷,2050,http://wh.58.com/pinpaigongyu/31121095907776x.shtml?psid=125380055200192081580199700
【整租】中南路 中南SOHO城 1室0厅,中南SOHO城,2400,http://wh.58.com/pinpaigongyu/33402329309098x.shtml?psid=125380055200192081580199700
【整租】藏龙岛 藏龙小区 2室1厅,藏龙小区,2200,http://wh.58.com/pinpaigongyu/33366472587971x.shtml?psid=125380055200192081580199700
【整租】杨汊湖 城开汉口秀园 3室2厅,城开汉口秀园,2000,http://wh.58.com/pinpaigongyu/34194762884168x.shtml?psid=125380055200192081580199700
【整租】南湖花园 鸿瑞佳苑 2室1厅,鸿瑞佳苑,2000,http://wh.58.com/pinpaigongyu/33828466838712x.shtml?psid=125380055200192081580199700
【整租】盘龙城 盘龙城歌林花园 3室2厅,盘龙城歌林花园,2100,http://wh.58.com/pinpaigongyu/34085236182700x.shtml?psid=125380055200192081580199700
【整租】丁字桥 向阳佳苑B区 2室2厅,向阳佳苑B区,3000,http://wh.58.com/pinpaigongyu/33860249361342x.shtml?psid=125380055200192081580199700
【整租】后湖 塔子湖锦绣家园幽 3室2厅,塔子湖锦绣家园幽,2500,http://wh.58.com/pinpaigongyu/34148636109099x.shtml?psid=125380055200192081580199700
【整租】洪山周边 花样年幸福万象 1室1厅,花样年幸福万象,2500,http://wh.58.com/pinpaigongyu/33641998590014x.shtml?psid=125380055200192081580199700
【整租】后湖 塔子湖锦绣家园幽 4室1厅,塔子湖锦绣家园幽,2500,http://wh.58.com/pinpaigongyu/33672299344573x.shtml?psid=125380055200192081580199700
【整租】金色港湾 可遇女神公寓 1室1厅,【整租】金色港湾,2145,http://wh.58.com/pinpaigongyu/34136831919157x.shtml?psid=125380055200192081580199700
【整租】丁字桥 鸿岭花园 2室1厅,鸿岭花园,2400,http://wh.58.com/pinpaigongyu/33805627091405x.shtml?psid=125380055200192081580199700
【合租】丁字桥 中南国际城 1室主卧,中南国际城,2400,http://wh.58.com/pinpaigongyu/33684210681928x.shtml?psid=190063164200192081607565942
【整租】东湖高新 光谷大道 1室1厅,光谷大道,2125,http://wh.58.com/pinpaigongyu/30963731529157x.shtml?psid=190063164200192081607565942
【整租】中南路 中南SOGO城 1室0厅,中南SOGO城,2200,http://wh.58.com/pinpaigongyu/33401951840811x.shtml?psid=190063164200192081607565942
【整租】藏龙岛 惠风同庆花园蜜糖 2室1厅,惠风同庆花园蜜糖,2200,http://wh.58.com/pinpaigongyu/33366488493253x.shtml?psid=190063164200192081607565942
【整租】杨汊湖 城开汉口秀园 3室2厅,城开汉口秀园,2000,http://wh.58.com/pinpaigongyu/34194775131081x.shtml?psid=190063164200192081607565942
【整租】街道口 鸿桂苑西区 2室1厅,鸿桂苑西区,2100,http://wh.58.com/pinpaigongyu/33772686945733x.shtml?psid=190063164200192081607565942
【整租】后湖 国际百纳 2室2厅,国际百纳,2000,http://wh.58.com/pinpaigongyu/34060878605883x.shtml?psid=190063164200192081607565942
【整租】丁字桥 向阳佳苑A区 2室1厅,向阳佳苑A区,2400,http://wh.58.com/pinpaigongyu/34115033576377x.shtml?psid=190063164200192081607565942
【整租】后湖 塔子湖锦绣家园幽 3室1厅,塔子湖锦绣家园幽,2600,http://wh.58.com/pinpaigongyu/34147566356795x.shtml?psid=190063164200192081607565942
【整租】和平大道 怡江苑 1室1厅,怡江苑,2500,http://wh.58.com/pinpaigongyu/32414956886723x.shtml?psid=190063164200192081607565942
【整租】后湖 红桥新城 2室1厅,红桥新城,2000,http://wh.58.com/pinpaigongyu/33218877914027x.shtml?psid=190063164200192081607565942
【整租】街道口 鸿桂苑东区 2室1厅,鸿桂苑东区,2200,http://wh.58.com/pinpaigongyu/32047241191351x.shtml?psid=190063164200192081607565942
【整租】徐东 武铁佳苑 3室1厅,武铁佳苑,3000,http://wh.58.com/pinpaigongyu/34059522442562x.shtml?psid=190063164200192081607565942
【整租】沌口周边 天外天度假村乐家 1室1厅,天外天度假村乐家,2680,http://wh.58.com/pinpaigongyu/32402212260295x.shtml?psid=190063164200192081607565942
【整租】汉阳周边 金利屋大厦 2室1厅,金利屋大厦,2800,http://wh.58.com/pinpaigongyu/34105789742894x.shtml?psid=190063164200192081607565942
【整租】东湖高新 光谷悦城 2室1厅,光谷悦城,2950,http://wh.58.com/pinpaigongyu/33381069551038x.shtml?psid=190063164200192081607565942
【整租】丁字桥 鸿瑞佳苑 2室1厅,鸿瑞佳苑,2000,http://wh.58.com/pinpaigongyu/33828496789689x.shtml?psid=190063164200192081607565942
【整租】后湖 塔子湖锦绣家园幽 2室2厅,塔子湖锦绣家园幽,2000,http://wh.58.com/pinpaigongyu/33186521896509x.shtml?psid=190063164200192081607565942
【整租】后湖 光明上海公馆 3室2厅,光明上海公馆,2500,http://wh.58.com/pinpaigongyu/33995454021044x.shtml?psid=190063164200192081607565942
【整租】后湖 塔子湖锦绣家园幽 3室2厅,塔子湖锦绣家园幽,2500,http://wh.58.com/pinpaigongyu/34053074020047x.shtml?psid=190063164200192081607565942
【整租】洪山周边 花样年幸福万象 1室1厅,花样年幸福万象,2500,http://wh.58.com/pinpaigongyu/32414814111439x.shtml?psid=124400167200192081640749892
【整租】珞狮南路 鸿桂苑西区 2室1厅,鸿桂苑西区,2300,http://wh.58.com/pinpaigongyu/34095850452929x.shtml?psid=124400167200192081640749892
【整租】光谷 八一花园玫瑰苑 2室1厅,八一花园玫瑰苑,2300,http://wh.58.com/pinpaigongyu/33882678695235x.shtml?psid=124400167200192081640749892
【整租】徐东 盛世徐东 3室1厅,盛世徐东,3000,http://wh.58.com/pinpaigongyu/34147735338824x.shtml?psid=124400167200192081640749892
【整租】东湖高新 光谷悦城 2室1厅,光谷悦城,2560,http://wh.58.com/pinpaigongyu/33381083792848x.shtml?psid=124400167200192081640749892
【整租】光谷 乐家小屋长租公寓 1室0厅,【整租】光谷,2100,http://wh.58.com/pinpaigongyu/30387511606343x.shtml?psid=124400167200192081640749892
【整租】金色港湾 可遇公寓免租半月 1室1厅,【整租】金色港湾,2050,http://wh.58.com/pinpaigongyu/31816499647551x.shtml?psid=124400167200192081640749892
【整租】街道口 鸿岭花园 2室1厅,鸿岭花园,2100,http://wh.58.com/pinpaigongyu/33772724758085x.shtml?psid=124400167200192081640749892
【整租】丁字桥 向阳佳苑A区 2室1厅,向阳佳苑A区,2400,http://wh.58.com/pinpaigongyu/33344210066369x.shtml?psid=124400167200192081640749892
【整租】后湖 塔子湖兴隆苑 2室2厅,塔子湖兴隆苑,2000,http://wh.58.com/pinpaigongyu/33893839400644x.shtml?psid=124400167200192081640749892
【整租】后湖 塔子湖锦绣家园幽 3室2厅,塔子湖锦绣家园幽,2500,http://wh.58.com/pinpaigongyu/33906746142634x.shtml?psid=124400167200192081640749892
【整租】和平大道 怡江苑 1室1厅,怡江苑,2500,http://wh.58.com/pinpaigongyu/32446574780105x.shtml?psid=124400167200192081640749892
【整租】后湖 塔子湖锦绣家园幽 3室1厅,塔子湖锦绣家园幽,2000,http://wh.58.com/pinpaigongyu/33253138668870x.shtml?psid=124400167200192081640749892
【整租】徐东 盛世徐东 3室1厅,盛世徐东,3000,http://wh.58.com/pinpaigongyu/34147921143356x.shtml?psid=124400167200192081640749892
【整租】珞狮南路 鸿桂苑西区 2室1厅,鸿桂苑西区,2200,http://wh.58.com/pinpaigongyu/34092963090501x.shtml?psid=124400167200192081640749892
【整租】东湖高新 豹澥示范社区 2室1厅,豹澥示范社区,2500,http://wh.58.com/pinpaigongyu/33381002189492x.shtml?psid=124400167200192081640749892
【整租】光谷 乐家小屋长租公寓 1室1厅,【整租】光谷,2600,http://wh.58.com/pinpaigongyu/30092898622793x.shtml?psid=124400167200192081640749892
【整租】金色港湾 金色港湾金利屋大 1室1厅,金色港湾金利屋大,2050,http://wh.58.com/pinpaigongyu/31816459296183x.shtml?psid=124400167200192081640749892
【整租】广埠屯 鸿泽苑 2室1厅,鸿泽苑,2000,http://wh.58.com/pinpaigongyu/33772777596879x.shtml?psid=124400167200192081640749892
【整租】街道口 鸿桂苑东区 2室1厅,鸿桂苑东区,2200,http://wh.58.com/pinpaigongyu/34185809611690x.shtml?psid=124400167200192081640749892
【整租】王家墩CBD 远洋心汉口御峰 2室1厅,远洋心汉口御峰,2700,http://wh.58.com/pinpaigongyu/34184915019444x.shtml?psid=147375680200192081673019773
【整租】后湖 塔子湖锦绣家园幽 3室1厅,塔子湖锦绣家园幽,2600,http://wh.58.com/pinpaigongyu/33785573933902x.shtml?psid=147375680200192081673019773
【整租】洪山周边 花样年幸福万象 1室1厅,花样年幸福万象,2500,http://wh.58.com/pinpaigongyu/32414758253101x.shtml?psid=147375680200192081673019773
【整租】后湖 塔子湖锦绣家园幽 3室2厅,塔子湖锦绣家园幽,2400,http://wh.58.com/pinpaigongyu/31570980295241x.shtml?psid=147375680200192081673019773
【整租】中南路 中南国际汇 1室1厅,中南国际汇,2500,http://wh.58.com/pinpaigongyu/33782901298745x.shtml?psid=147375680200192081673019773
【整租】东湖高新 光谷悦城 2室1厅,光谷悦城,3000,http://wh.58.com/pinpaigongyu/33381046244009x.shtml?psid=147375680200192081673019773
【整租】东湖高新 乐家小屋长租公寓 1室0厅,【整租】东湖高新,2050,http://wh.58.com/pinpaigongyu/31050888736564x.shtml?psid=147375680200192081673019773
【整租】关山 曙光星城B区 2室1厅,曙光星城B区,2700,http://wh.58.com/pinpaigongyu/33927001629376x.shtml?psid=147375680200192081673019773
【整租】金色港湾 可遇公寓免租半月 1室1厅,【整租】金色港湾,2050,http://wh.58.com/pinpaigongyu/31873300400710x.shtml?psid=147375680200192081673019773
【整租】街道口 鸿岭花园 2室1厅,鸿岭花园,2100,http://wh.58.com/pinpaigongyu/33772678573892x.shtml?psid=147375680200192081673019773
【整租】珞狮南路 鸿泽苑 2室1厅,鸿泽苑,2100,http://wh.58.com/pinpaigongyu/32654582135355x.shtml?psid=147375680200192081673019773
【整租】后湖 石桥花园H1 2室1厅,石桥花园H1,2800,http://wh.58.com/pinpaigongyu/34185022738502x.shtml?psid=147375680200192081673019773
【整租】后湖 塔子湖锦绣家园 3室2厅,塔子湖锦绣家园,2500,http://wh.58.com/pinpaigongyu/33862233695683x.shtml?psid=147375680200192081673019773
【整租】后湖 塔子湖锦绣家园 3室1厅,塔子湖锦绣家园,2500,http://wh.58.com/pinpaigongyu/33687548789962x.shtml?psid=147375680200192081673019773
【整租】和平大道 怡江苑 1室1厅,怡江苑,2500,http://wh.58.com/pinpaigongyu/32415029036615x.shtml?psid=147375680200192081673019773
【整租】中南路 中南国际汇 1室1厅,中南国际汇,2399,http://wh.58.com/pinpaigongyu/33795166935759x.shtml?psid=147375680200192081673019773
【整租】东湖高新 乐家小屋长租公寓 1室0厅,【整租】东湖高新,2050,http://wh.58.com/pinpaigongyu/30387536931919x.shtml?psid=147375680200192081673019773
【合租】藏龙岛 龙苑澜岸 2室主卧,龙苑澜岸,2250,http://wh.58.com/pinpaigongyu/33366480614718x.shtml?psid=147375680200192081673019773
【整租】街道口 鸿桂苑东区 2室1厅,鸿桂苑东区,2400,http://wh.58.com/pinpaigongyu/34063169091148x.shtml?psid=147375680200192081673019773
【整租】金色港湾 可遇公寓免租半月 1室1厅,【整租】金色港湾,2050,http://wh.58.com/pinpaigongyu/31804064446899x.shtml?psid=147375680200192081673019773
【整租】街道口 鸿福花园 2室1厅,鸿福花园,2000,http://wh.58.com/pinpaigongyu/33772731291054x.shtml?psid=198348250200192081702429191
【整租】后湖 塔子湖锦绣家园幽 2室1厅,塔子湖锦绣家园幽,2000,http://wh.58.com/pinpaigongyu/33530695936054x.shtml?psid=198348250200192081702429191
【整租】后湖 塔子湖锦绣家园幽 3室2厅,塔子湖锦绣家园幽,2588,http://wh.58.com/pinpaigongyu/34117428023885x.shtml?psid=198348250200192081702429191
【整租】后湖 塔子湖锦绣家园幽 4室1厅,塔子湖锦绣家园幽,2500,http://wh.58.com/pinpaigongyu/34193095206349x.shtml?psid=198348250200192081702429191
【整租】中南路 中南国际汇 1室1厅,中南国际汇,2399,http://wh.58.com/pinpaigongyu/33517870801984x.shtml?psid=198348250200192081702429191
【整租】东湖高新 万科城市花园上西 2室1厅,万科城市花园上西,2500,http://wh.58.com/pinpaigongyu/33380904891970x.shtml?psid=198348250200192081702429191
【整租】新南湖 鸿瑞佳苑 3室1厅,鸿瑞佳苑,2000,http://wh.58.com/pinpaigongyu/33550687752652x.shtml?psid=198348250200192081702429191
【整租】珞狮南路 鸿城家园免租半月 2室1厅,鸿城家园免租半月,2000,http://wh.58.com/pinpaigongyu/31141486433992x.shtml?psid=198348250200192081702429191
【整租】广埠屯 鸿福花园 2室1厅,鸿福花园,2000,http://wh.58.com/pinpaigongyu/33772695464234x.shtml?psid=198348250200192081702429191
【整租】后湖 塔子湖锦绣家园 2室1厅,塔子湖锦绣家园,2000,http://wh.58.com/pinpaigongyu/33362798764093x.shtml?psid=198348250200192081702429191
【整租】后湖 塔子湖锦绣家园幽 3室2厅,塔子湖锦绣家园幽,2500,http://wh.58.com/pinpaigongyu/33918330054713x.shtml?psid=198348250200192081702429191
【整租】后湖 塔子湖锦绣家园幽 4室1厅,塔子湖锦绣家园幽,2500,http://wh.58.com/pinpaigongyu/33694755318080x.shtml?psid=198348250200192081702429191
【整租】中南路 中南国际汇 1室1厅,中南国际汇,2550,http://wh.58.com/pinpaigongyu/33973737703082x.shtml?psid=198348250200192081702429191
【整租】东湖高新 平安光谷春天 2室1厅,平安光谷春天,2790,http://wh.58.com/pinpaigongyu/33381127610944x.shtml?psid=198348250200192081702429191
【整租】关山 山水华庭 2室1厅,山水华庭,2300,http://wh.58.com/pinpaigongyu/31772384344384x.shtml?psid=198348250200192081702429191
【整租】新南湖 南湖新城家园 3室1厅,南湖新城家园,2300,http://wh.58.com/pinpaigongyu/33752356727471x.shtml?psid=198348250200192081702429191
【整租】街道口 鸿泽苑 2室1厅,鸿泽苑,2000,http://wh.58.com/pinpaigongyu/33874604807488x.shtml?psid=198348250200192081702429191
【整租】后湖 塔子湖锦绣家园幽 2室2厅,塔子湖锦绣家园幽,2000,http://wh.58.com/pinpaigongyu/33605879355946x.shtml?psid=198348250200192081702429191
【整租】后湖 中一花园 3室1厅,中一花园,2600,http://wh.58.com/pinpaigongyu/34075044045752x.shtml?psid=198348250200192081702429191
【整租】后湖 红桥新城 2室1厅,红桥新城,2000,http://wh.58.com/pinpaigongyu/32412246885057x.shtml?psid=198348250200192081702429191
【整租】丁字桥 中南国际汇 1室1厅,中南国际汇,2399,http://wh.58.com/pinpaigongyu/34059106544298x.shtml?psid=138210873200192081731461612
【整租】东湖高新 当代国际花园铂公 2室1厅,当代国际花园铂公,2530,http://wh.58.com/pinpaigongyu/33380985954505x.shtml?psid=138210873200192081731461612
【整租】关山 山水华庭 2室1厅,山水华庭,2300,http://wh.58.com/pinpaigongyu/33882357760702x.shtml?psid=138210873200192081731461612
【整租】街道口 鸿岭花园 2室1厅,鸿岭花园,2100,http://wh.58.com/pinpaigongyu/33772793194026x.shtml?psid=138210873200192081731461612
【整租】珞狮南路 鸿福花园 2室1厅,鸿福花园,2200,http://wh.58.com/pinpaigongyu/34185926737218x.shtml?psid=138210873200192081731461612
【整租】后湖 塔子湖锦绣家园幽 3室1厅,塔子湖锦绣家园幽,2500,http://wh.58.com/pinpaigongyu/34170147350351x.shtml?psid=138210873200192081731461612
【整租】后湖 红桥新城 2室1厅,红桥新城,2000,http://wh.58.com/pinpaigongyu/33694820327870x.shtml?psid=138210873200192081731461612
【整租】丁字桥 中南国际城 1室1厅,中南国际城,2450,http://wh.58.com/pinpaigongyu/33804695463624x.shtml?psid=138210873200192081731461612
【整租】东湖高新 当代国际花园 2室1厅,当代国际花园,2550,http://wh.58.com/pinpaigongyu/33381038037803x.shtml?psid=138210873200192081731461612
【整租】广埠屯 鸿泽苑 2室1厅,鸿泽苑,2000,http://wh.58.com/pinpaigongyu/33874628730184x.shtml?psid=138210873200192081731461612
【整租】丁字桥 向阳佳苑B区 2室2厅,向阳佳苑B区,3000,http://wh.58.com/pinpaigongyu/34026950214464x.shtml?psid=138210873200192081731461612
【整租】后湖 塔子湖锦绣家园 4室1厅,塔子湖锦绣家园,2500,http://wh.58.com/pinpaigongyu/31494332120011x.shtml?psid=138210873200192081731461612
【整租】后湖 塔子湖锦绣家园 3室2厅,塔子湖锦绣家园,2500,http://wh.58.com/pinpaigongyu/34147572570798x.shtml?psid=138210873200192081731461612
【整租】中南路 中南国际汇 1室1厅,中南国际汇,2399,http://wh.58.com/pinpaigongyu/33871100199490x.shtml?psid=138210873200192081731461612
【整租】东湖高新 佛奥俊贤雅居 2室1厅,佛奥俊贤雅居,2600,http://wh.58.com/pinpaigongyu/33381117371962x.shtml?psid=138210873200192081731461612
【整租】街道口 鸿岭花园西区 2室1厅,鸿岭花园西区,2100,http://wh.58.com/pinpaigongyu/33772671881025x.shtml?psid=138210873200192081731461612
【整租】后湖 塔子湖锦绣家园幽 2室1厅,塔子湖锦绣家园幽,2000,http://wh.58.com/pinpaigongyu/33530754525485x.shtml?psid=138210873200192081731461612
【整租】后湖 塔子湖锦绣家园幽 3室2厅,塔子湖锦绣家园幽,2400,http://wh.58.com/pinpaigongyu/33694905804368x.shtml?psid=138210873200192081731461612
【整租】后湖 塔子湖锦绣家园 3室2厅,塔子湖锦绣家园,2500,http://wh.58.com/pinpaigongyu/34137462195662x.shtml?psid=138210873200192081731461612
【整租】丁字桥 中南国际城 1室1厅,中南国际城,2300,http://wh.58.com/pinpaigongyu/34063657350074x.shtml?psid=138210873200192081731461612
【整租】东湖高新 万科城市花园上西 2室1厅,万科城市花园上西,2900,http://wh.58.com/pinpaigongyu/33380928399921x.shtml?psid=140240323200192081758313795
【整租】街道口 鸿岭花园 2室1厅,鸿岭花园,2100,http://wh.58.com/pinpaigongyu/33772709639083x.shtml?psid=140240323200192081758313795
【整租】街道口 鸿岭花园西区 2室2厅,鸿岭花园西区,2700,http://wh.58.com/pinpaigongyu/34192128524973x.shtml?psid=140240323200192081758313795
【整租】后湖 塔子湖锦绣家园幽 3室1厅,塔子湖锦绣家园幽,2000,http://wh.58.com/pinpaigongyu/31869847272748x.shtml?psid=140240323200192081758313795
【整租】丁字桥 中南国际城 1室1厅,中南国际城,2450,http://wh.58.com/pinpaigongyu/33892963899178x.shtml?psid=140240323200192081758313795
【整租】东湖高新 万科城市花园上西 2室1厅,万科城市花园上西,3000,http://wh.58.com/pinpaigongyu/33380935391680x.shtml?psid=140240323200192081758313795
【整租】后湖 塔子湖锦绣家园幽 3室2厅,塔子湖锦绣家园幽,2700,http://wh.58.com/pinpaigongyu/34070397999820x.shtml?psid=140240323200192081758313795
【整租】南湖花园 鸿瑞佳苑 2室1厅,鸿瑞佳苑,2000,http://wh.58.com/pinpaigongyu/33828414018108x.shtml?psid=140240323200192081758313795
【整租】街道口 鸿桂苑东区 2室1厅,鸿桂苑东区,2300,http://wh.58.com/pinpaigongyu/33993098232238x.shtml?psid=140240323200192081758313795
【整租】后湖 塔子湖锦绣家园幽 3室2厅,塔子湖锦绣家园幽,2400,http://wh.58.com/pinpaigongyu/33687814094514x.shtml?psid=140240323200192081758313795
【整租】丁字桥 中南国际城 1室1厅,中南国际城,2499,http://wh.58.com/pinpaigongyu/33782642771129x.shtml?psid=140240323200192081758313795
【整租】东湖高新 光谷麦郡 2室1厅,光谷麦郡,2650,http://wh.58.com/pinpaigongyu/33380998567342x.shtml?psid=140240323200192081758313795
【整租】后湖 塔子湖锦绣家园 3室1厅,塔子湖锦绣家园,2900,http://wh.58.com/pinpaigongyu/33927218240059x.shtml?psid=140240323200192081758313795
【整租】街道口 鸿泽苑 2室1厅,鸿泽苑,2000,http://wh.58.com/pinpaigongyu/33772772392140x.shtml?psid=140240323200192081758313795
【整租】光谷 祥和雅居 2室1厅,祥和雅居,2400,http://wh.58.com/pinpaigongyu/33983541632042x.shtml?psid=140240323200192081758313795
【整租】后湖 红桥新城 2室1厅,红桥新城,2000,http://wh.58.com/pinpaigongyu/33860643847495x.shtml?psid=140240323200192081758313795
【整租】中南路 中南国际汇 1室1厅,中南国际汇,2450,http://wh.58.com/pinpaigongyu/33804671323719x.shtml?psid=140240323200192081758313795
【整租】东湖高新 现代森林小镇 2室1厅,现代森林小镇,2650,http://wh.58.com/pinpaigongyu/33381142062021x.shtml?psid=140240323200192081758313795
【整租】后湖 塔子湖锦绣家园 3室1厅,塔子湖锦绣家园,2500,http://wh.58.com/pinpaigongyu/33982509896876x.shtml?psid=140240323200192081758313795
【整租】珞狮南路 鸿泽苑 2室1厅,鸿泽苑,2000,http://wh.58.com/pinpaigongyu/33773553294658x.shtml?psid=140240323200192081758313795
【整租】后湖 塔子湖锦绣家园幽 3室1厅,塔子湖锦绣家园幽,2000,http://wh.58.com/pinpaigongyu/33219326810314x.shtml?psid=138807752200192081806452743
【整租】中南路 中南国际汇 1室1厅,中南国际汇,2550,http://wh.58.com/pinpaigongyu/33973764654783x.shtml?psid=138807752200192081806452743
【合租】藏龙岛 滨湖壹号 2室主卧,滨湖壹号,2260,http://wh.58.com/pinpaigongyu/33366573176630x.shtml?psid=138807752200192081806452743
【整租】后湖 陌陌屋 3室1厅,陌陌屋,2900,http://wh.58.com/pinpaigongyu/33927174350153x.shtml?psid=138807752200192081806452743
【整租】卓刀泉 鸿福花园 2室1厅,鸿福花园,2000,http://wh.58.com/pinpaigongyu/33772756860601x.shtml?psid=138807752200192081806452743
【整租】后湖 塔子湖锦绣家园幽 3室1厅,塔子湖锦绣家园幽,2000,http://wh.58.com/pinpaigongyu/31892318473535x.shtml?psid=138807752200192081806452743
【整租】中南路 中南国际汇 1室1厅,中南国际汇,2550,http://wh.58.com/pinpaigongyu/34070321190073x.shtml?psid=138807752200192081806452743
【整租】东湖高新 万科城市花园上西 2室1厅,万科城市花园上西,2550,http://wh.58.com/pinpaigongyu/33380909414467x.shtml?psid=138807752200192081806452743
【整租】后湖 陌陌屋 3室1厅,陌陌屋,2600,http://wh.58.com/pinpaigongyu/33983116118700x.shtml?psid=138807752200192081806452743
【整租】街道口 鸿岭花园 2室1厅,鸿岭花园,2200,http://wh.58.com/pinpaigongyu/33772801994287x.shtml?psid=138807752200192081806452743
【整租】中南路 中南国际汇 1室1厅,中南国际汇,2420,http://wh.58.com/pinpaigongyu/33804729514185x.shtml?psid=138807752200192081806452743
【整租】后湖 塔子湖锦绣家园幽 4室1厅,塔子湖锦绣家园幽,2500,http://wh.58.com/pinpaigongyu/31959187279814x.shtml?psid=138807752200192081806452743
【整租】藏龙岛 兆麟育龙湾 2室1厅,兆麟育龙湾,2300,http://wh.58.com/pinpaigongyu/33366469438027x.shtml?psid=138807752200192081806452743
【整租】后湖 塔子湖锦绣家园 3室1厅,塔子湖锦绣家园,2900,http://wh.58.com/pinpaigongyu/33938525438031x.shtml?psid=138807752200192081806452743
【整租】徐东 才华茗苑四期 2室2厅,才华茗苑四期,2400,http://wh.58.com/pinpaigongyu/33407125900587x.shtml?psid=138807752200192081806452743
【整租】丁字桥 中南国际城 1室1厅,中南国际城,2480,http://wh.58.com/pinpaigongyu/34058971955520x.shtml?psid=138807752200192081806452743
【整租】后湖 塔子湖锦绣家园 3室1厅,塔子湖锦绣家园,2000,http://wh.58.com/pinpaigongyu/33694276330417x.shtml?psid=138807752200192081806452743
【合租】藏龙岛 藏龙锦东 2室主卧,藏龙锦东,2350,http://wh.58.com/pinpaigongyu/33366494474155x.shtml?psid=138807752200192081806452743
【整租】后湖 中一花园 3室1厅,中一花园,3000,http://wh.58.com/pinpaigongyu/33894481977002x.shtml?psid=138807752200192081806452743
【整租】徐东 徐东馨苑 2室1厅,徐东馨苑,2600,http://wh.58.com/pinpaigongyu/33794896805934x.shtml?psid=138807752200192081806452743
【整租】徐东 盛世徐东 3室1厅,盛世徐东,3000,http://wh.58.com/pinpaigongyu/34147602175554x.shtml?psid=141369722200192081817485717
【整租】后湖 塔子湖锦绣家园幽 3室1厅,塔子湖锦绣家园幽,2000,http://wh.58.com/pinpaigongyu/33694415587885x.shtml?psid=141369722200192081817485717
【整租】后湖 塔子湖锦绣家园 3室1厅,塔子湖锦绣家园,2600,http://wh.58.com/pinpaigongyu/33983096516551x.shtml?psid=141369722200192081817485717
【整租】街道口 鸿岭花园西区 2室1厅,鸿岭花园西区,2100,http://wh.58.com/pinpaigongyu/33772703263950x.shtml?psid=141369722200192081817485717
【合租】中南路 中南国际汇 1室主卧,中南国际汇,2450,http://wh.58.com/pinpaigongyu/34107214188613x.shtml?psid=141369722200192081817485717
【整租】后湖 塔子湖锦绣家园 3室1厅,塔子湖锦绣家园,3000,http://wh.58.com/pinpaigongyu/33894460609858x.shtml?psid=141369722200192081817485717
【整租】徐东 才华茗苑四期 2室2厅,才华茗苑四期,2500,http://wh.58.com/pinpaigongyu/34037537534542x.shtml?psid=141369722200192081817485717
【合租】丁字桥 中南国际城 1室主卧,中南国际城,2450,http://wh.58.com/pinpaigongyu/34137035723315x.shtml?psid=141369722200192081817485717
【整租】徐东 才华茗苑四期 2室1厅,才华茗苑四期,2300,http://wh.58.com/pinpaigongyu/34004988703415x.shtml?psid=141369722200192081817485717
【整租】徐东 联发九都国际 3室1厅,联发九都国际,3000,http://wh.58.com/pinpaigongyu/34147741210182x.shtml?psid=141369722200192081817485717
【整租】徐东 徐东苑 2室1厅,徐东苑,2199,http://wh.58.com/pinpaigongyu/33893048976444x.shtml?psid=141369722200192081817485717
【整租】徐东 武铁佳苑 4室1厅,武铁佳苑,2999,http://wh.58.com/pinpaigongyu/34004955440577x.shtml?psid=141369722200192081817485717
【整租】丁字桥 中南国际城 1室1厅,中南国际城,2400,http://wh.58.com/pinpaigongyu/34063740873653x.shtml?psid=141369722200192081817485717
【整租】徐东 才华茗苑四期 2室1厅,才华茗苑四期,2500,http://wh.58.com/pinpaigongyu/34026612938163x.shtml?psid=141369722200192081817485717
【整租】徐东 才华茗苑四期 2室1厅,才华茗苑四期,2300,http://wh.58.com/pinpaigongyu/33871728324810x.shtml?psid=141369722200192081817485717
【整租】徐东 才华茗苑 2室1厅,才华茗苑,2499,http://wh.58.com/pinpaigongyu/34059612231112x.shtml?psid=141369722200192081817485717
【整租】徐东 才华茗苑四期 2室1厅,才华茗苑四期,2300,http://wh.58.com/pinpaigongyu/33871708291270x.shtml?psid=141369722200192081817485717
【整租】徐东 丽华苑 2室1厅,丽华苑,2100,http://wh.58.com/pinpaigongyu/34081465628620x.shtml?psid=141369722200192081817485717
【整租】中南路 中南国际汇 1室1厅,中南国际汇,2550,http://wh.58.com/pinpaigongyu/33973782665545x.shtml?psid=141369722200192081817485717
【整租】徐东 武铁佳苑 3室1厅,武铁佳苑,2900,http://wh.58.com/pinpaigongyu/34059224267957x.shtml?psid=141369722200192081817485717
【整租】徐东 武铁佳苑 3室1厅,武铁佳苑,2899,http://wh.58.com/pinpaigongyu/34081186239029x.shtml?psid=190693164200192081851719288
【整租】中南路 中南国际汇 1室1厅,中南国际汇,2450,http://wh.58.com/pinpaigongyu/34063673633080x.shtml?psid=190693164200192081851719288
【整租】中南路 中南国际汇 1室1厅,中南国际汇,2650,http://wh.58.com/pinpaigongyu/34063627167546x.shtml?psid=190693164200192081851719288
【整租】徐东 才华茗苑四期 2室1厅,才华茗苑四期,2500,http://wh.58.com/pinpaigongyu/34037514557769x.shtml?psid=190693164200192081851719288
【整租】徐东 才华茗苑四期 2室1厅,才华茗苑四期,2300,http://wh.58.com/pinpaigongyu/33871682227913x.shtml?psid=190693164200192081851719288
【合租】中南路 中南国际汇 1室主卧,中南国际汇,2650,http://wh.58.com/pinpaigongyu/34074259248451x.shtml?psid=190693164200192081851719288
【整租】中南路 中南国际汇 1室1厅,中南国际汇,2450,http://wh.58.com/pinpaigongyu/34060064314813x.shtml?psid=190693164200192081851719288
【整租】徐东 武铁佳苑 3室1厅,武铁佳苑,2850,http://wh.58.com/pinpaigongyu/34028826539457x.shtml?psid=190693164200192081851719288
【合租】中南路 中南国际汇 1室主卧,中南国际汇,2450,http://wh.58.com/pinpaigongyu/34074215279170x.shtml?psid=190693164200192081851719288
【整租】徐东 盛世徐东 3室1厅,盛世徐东,3000,http://wh.58.com/pinpaigongyu/34147601382342x.shtml?psid=190693164200192081851719288
【整租】中南路 中南国际汇 1室1厅,中南国际汇,2400,http://wh.58.com/pinpaigongyu/34060124116530x.shtml?psid=190693164200192081851719288
【整租】中南路 中南国际汇 1室1厅,中南国际汇,2650,http://wh.58.com/pinpaigongyu/34060095581231x.shtml?psid=190693164200192081851719288
